{
  "train_loss": [
    0.7085429139626331,
    0.6774142067401837,
    0.6534327509311529,
    0.6430436678421803,
    0.6406014003814795,
    0.6237763789219734,
    0.6009879773243879,
    0.5911375024379828,
    0.5846041960593982,
    0.5830942560464908
  ],
  "val_loss": [
    0.6895799756050109,
    0.6500728815793991,
    0.646912905573845,
    0.6437440037727356,
    0.6275814563035965,
    0.6049270570278168,
    0.5897895157337188,
    0.5982543647289276,
    0.5863531231880188,
    0.591281709074974
  ]
}