{
  "classification": {
    "FoundationLorentzParT (classification_best)": {
      "accuracy": 0.4905,
      "macro_f1": 0.47981975871297944,
      "auc_roc": 0.8756099666666668,
      "top3_acc": 0.8005
    },
    "FoundationLorentzParT (regression_best)": {
      "accuracy": 0.1055,
      "macro_f1": 0.06649422505497897,
      "auc_roc": 0.5141844722222222,
      "top3_acc": 0.32
    },
    "FoundationLorentzParT (generative_best)": {
      "accuracy": 0.1087,
      "macro_f1": 0.051435759955185754,
      "auc_roc": 0.5306701666666667,
      "top3_acc": 0.3355
    },
    "FoundationLorentzParT (superresolution_best)": {
      "accuracy": 0.1065,
      "macro_f1": 0.05200212101901145,
      "auc_roc": 0.5065665555555556,
      "top3_acc": 0.3268
    }
  },
  "regression": {
    "FoundationLorentzParT (classification_best)": {
      "mse": 0.811100959777832,
      "mae": 0.7139757871627808,
      "r2": 0.19279474020004272,
      "resolution": 1.140097975730896
    },
    "FoundationLorentzParT (regression_best)": {
      "mse": 0.059968505054712296,
      "mae": 0.16891063749790192,
      "r2": 0.9403195381164551,
      "resolution": 0.3083985149860382
    },
    "FoundationLorentzParT (generative_best)": {
      "mse": 1.0029323101043701,
      "mae": 0.8006198406219482,
      "r2": 0.001884758472442627,
      "resolution": 1.2673797607421875
    },
    "FoundationLorentzParT (superresolution_best)": {
      "mse": 1.021309494972229,
      "mae": 0.8084141612052917,
      "r2": -0.016404151916503906,
      "resolution": 1.278829574584961
    }
  },
  "generative": {
    "FoundationLorentzParT (classification_best)": {
      "mmd": 0.30146288871765137,
      "marginal_kl": 14.105824336493178,
      "marginal_mse": 0.004054879074352124
    },
    "FoundationLorentzParT (regression_best)": {
      "mmd": 0.3210541009902954,
      "marginal_kl": 15.76649356451956,
      "marginal_mse": 0.005274587080259251
    },
    "FoundationLorentzParT (generative_best)": {
      "mmd": 0.14645332098007202,
      "marginal_kl": 3.5464482315165022,
      "marginal_mse": 0.002364617587231484
    },
    "FoundationLorentzParT (superresolution_best)": {
      "mmd": 0.3185093402862549,
      "marginal_kl": 14.372823699247832,
      "marginal_mse": 0.00510186962430932
    }
  },
  "superresolution": {
    "FoundationLorentzParT (classification_best)": {
      "chamfer": 0.40726564835021273,
      "pt_emd": 1.568226393323107,
      "mult_err": 2.0240743410312483
    },
    "FoundationLorentzParT (regression_best)": {
      "chamfer": 0.39393970545660706,
      "pt_emd": 1.6963556199040886,
      "mult_err": 4.152535756992365
    },
    "FoundationLorentzParT (generative_best)": {
      "chamfer": 0.3799494784812443,
      "pt_emd": 1.7092901498647173,
      "mult_err": 4.647053628287166
    },
    "FoundationLorentzParT (superresolution_best)": {
      "chamfer": 0.21690405705678859,
      "pt_emd": 0.147902143185943,
      "mult_err": 0.2236655845652288
    }
  }
}